Query,URL
Introduction to Computer Science,https://pll.harvard.edu/course/cs50-introduction-computer-science
Introduction to Computer Science,https://pll.harvard.edu/subject/computer-science-0
Introduction to Computer Science,https://pll.harvard.edu/subject/python
Introduction to Computer Science,https://pll.harvard.edu/subject/programming-0
Introduction to Computer Science,https://pll.harvard.edu/instructor/brian-yu
Introduction to Computer Science,https://www.edx.org/learn/computer-science/harvard-university-cs50-s-introduction-to-computer-science
Introduction to Computer Science,https://www.coursera.org/specializations/introduction-computer-science-programming
Introduction to Computer Science,https://en.wikipedia.org/wiki/Computer_science
Introduction to Computer Science,https://en.wikipedia.org/wiki/Computer_graphics_(computer_science)
Introduction to Computer Science,https://en.wikipedia.org/wiki/Computer_architecture
Mathematics for Computing,https://www.london.ac.uk/sites/default/files/study-guides/mathematics-for-computing.pdf
Mathematics for Computing,https://www.coursera.org/learn/mathematics-for-computer-science
Mathematics for Computing,https://en.wikipedia.org/wiki/Computational_mathematics
Mathematics for Computing,https://en.wikipedia.org/wiki/Computational_mathematics#Areas_of_computational_mathematics
Mathematics for Computing,https://en.wikipedia.org/wiki/Computational_mathematics#References
Mathematics for Computing,https://www.auroracs.lk/bit/syllabus/sem3/Mathenatics-for-computing-II.pdf
Mathematics for Computing,https://www.youtube.com/watch?v=v-6LThPVm3A
Mathematics for Computing,https://www.bcit.ca/courses/mathematics-for-computing-comp-1114/
Mathematics for Computing,https://web.stanford.edu/class/archive/cs/cs103/cs103.1184/notes/Mathematical%20Foundations%20of%20Computing.pdf
Mathematics for Computing,https://www.nature.com/subjects/mathematics-and-computing
Programming in C,https://www.w3schools.com/c/c_intro.php
Programming in C,https://www.geeksforgeeks.org/c-programming-language/
Programming in C,https://www.geeksforgeeks.org/c-language-introduction/
Programming in C,https://www.geeksforgeeks.org/c-programming-examples/
Programming in C,https://www.geeksforgeeks.org/features-of-c-programming-language/
Programming in C,https://www.programiz.com/c-programming
Programming in C,https://www.programiz.com/c-programming/online-compiler/
Programming in C,https://www.programiz.com/c-programming/c-operators
Programming in C,https://www.programiz.com/c-programming/examples
Programming in C,https://www.programiz.com/c-programming/getting-started
Database Management Systems,https://www.geeksforgeeks.org/introduction-of-dbms-database-management-system-set-1/
Database Management Systems,https://www.appdynamics.com/topics/database-management-systems
Database Management Systems,https://www.techtarget.com/searchdatamanagement/definition/database-management-system
Database Management Systems,https://www.techtarget.com/searchdatamanagement/definition/data-management
Database Management Systems,https://www.techtarget.com/searchdatamanagement/definition/Hadoop
Database Management Systems,https://www.techtarget.com/searchdatamanagement/definition/schema
Database Management Systems,https://www.ibm.com/docs/en/zos-basic-skills?topic=zos-what-is-database-management-system
Database Management Systems,https://www.dataversity.net/what-is-a-database-management-system-dbms/
Database Management Systems,https://www.techopedia.com/definition/24361/database-management-systems-dbms
Database Management Systems,https://www.javatpoint.com/dbms-tutorial
Professional Development,https://www.upskillist.pro/blog/the-importance-and-benefits-of-professional-development/
Professional Development,https://professional.dce.harvard.edu/blog/why-is-professional-development-important/
Professional Development,https://en.wikipedia.org/wiki/Professional_development
Professional Development,https://www.nie.ac.lk/departments/department-of-professional-development-educational-management/
Professional Development,https://www.growthspace.com/glossary/professional-development
Professional Development,https://www.coursera.org/enterprise/articles/what-is-professional-development
Professional Development,https://www.sciencedirect.com/topics/social-sciences/professional-development
Professional Development,https://careersmart.org.uk/your-career/career-development/professional-development
Professional Development,https://www.betterup.com/blog/professional-development
Professional Development,https://www.health.gov.lk/moh-page/national-continuous-professional-development/
Object Oriented Programming with Java,https://www.w3schools.com/java/java_oop.asp
Object Oriented Programming with Java,https://www.geeksforgeeks.org/object-oriented-programming-oops-concept-in-java/
Object Oriented Programming with Java,https://www.geeksforgeeks.org/java-not-purely-object-oriented-language/
Object Oriented Programming with Java,https://www.geeksforgeeks.org/best-practices-of-object-oriented-programming-oop/
Object Oriented Programming with Java,https://www.geeksforgeeks.org/understanding-oops-and-abstraction-using-real-world-scenario/
Object Oriented Programming with Java,https://www.javatpoint.com/java-oops-concepts
Object Oriented Programming with Java,https://www.freecodecamp.org/news/object-oriented-programming-concepts-java/
Object Oriented Programming with Java,https://stackify.com/oops-concepts-in-java/
Object Oriented Programming with Java,https://www.coursera.org/learn/object-oriented-java
Object Oriented Programming with Java,https://www.mygreatlearning.com/blog/oops-concepts-in-java/
Algorithms and Data Structures,https://www.w3schools.com/dsa/dsa_intro.php
Algorithms and Data Structures,https://www.geeksforgeeks.org/data-structures/
Algorithms and Data Structures,https://www.geeksforgeeks.org/learn-data-structures-and-algorithms-dsa-tutorial/
Algorithms and Data Structures,https://www.geeksforgeeks.org/category/dsa/data-structures/
Algorithms and Data Structures,https://www.geeksforgeeks.org/advanced-data-structures/
Algorithms and Data Structures,https://www.tutorialspoint.com/data_structures_algorithms/index.htm
Algorithms and Data Structures,https://www.tutorialspoint.com/data_structures_algorithms/data_structures_and_types.htm
Algorithms and Data Structures,https://www.tutorialspoint.com/data_structures_algorithms/data_structures_algorithms_online_quiz.htm
Algorithms and Data Structures,https://www.tutorialspoint.com/data_structures_algorithms/algorithms_basics.htm
Algorithms and Data Structures,https://www.programiz.com/dsa
Fundamentals of Computer Architecture,https://www.geeksforgeeks.org/computer-organization-and-architecture-tutorials/
Fundamentals of Computer Architecture,https://jaro-website.s3.ap-south-1.amazonaws.com/2023/03/Fundamentals-of-Computer-Architecture-and-its-Components.jpg?sa=X&ved=2ahUKEwjsrO7u8_6IAxXsVmwGHSTwJdUQ_B16BAgCEAI
Fundamentals of Computer Architecture,https://www.jaroeducation.com/blog/fundamentals-of-computer-architecture-and-its-components/
Fundamentals of Computer Architecture,https://www.opit.com/magazine/computer-architecture/
Fundamentals of Computer Architecture,http://engineering.futureuniversity.com/BOOKS%20FOR%20IT/%5BMostafa_Abd-El-Barr__Hesham_El-Rewini%5D_Fundamenta(BookZZ.org).pdf
Fundamentals of Computer Architecture,https://www.spiceworks.com/tech/tech-general/articles/what-is-computer-architecture/
Fundamentals of Computer Architecture,https://vardhaman.org/wp-content/uploads/2021/03/CO.pdf
Fundamentals of Computer Architecture,https://link.springer.com/book/10.1007/978-1-137-11313-9
Fundamentals of Computer Architecture,https://www.amazon.com/Fundamentals-Organization-Architecture-Distributed-Computing/dp/0471467413
Fundamentals of Computer Architecture,http://download.e-bookshelf.de/download/0000/5841/11/L-G-0000584111-0002361063.pdf
Data Communication and Networks,https://www.geeksforgeeks.org/data-communication-definition-components-types-channels/
Data Communication and Networks,https://www.geeksforgeeks.org/data-communication-tutorial/
Data Communication and Networks,https://www.geeksforgeeks.org/types-of-computer-networks/
Data Communication and Networks,https://www.geeksforgeeks.org/difference-between-serial-and-parallel-transmission/
Data Communication and Networks,https://www.nios.ac.in/media/documents/330srsec/online_course_material_330/Theory/Lesson_05.pdf
Data Communication and Networks,https://www.tutorialspoint.com/data_communication_computer_network/index.htm
Data Communication and Networks,https://www.tutorialspoint.com/data_communication_computer_network/data_link_layer_introduction.htm
Data Communication and Networks,https://www.tutorialspoint.com/data_communication_computer_network/data_link_control_and_protocols.htm
Data Communication and Networks,https://www.tutorialspoint.com/data_communication_computer_network/data_communication_computer_network_overview.htm
Data Communication and Networks,https://archive.mu.ac.in/myweb_test/syllFybscit/dcn.pdf
Web Based Application Development,https://www.techtarget.com/searchcloudcomputing/definition/web-application-development
Web Based Application Development,https://www.upwork.com/resources/what-is-web-application-development
Web Based Application Development,https://www.browserstack.com/guide/web-application-development-guide
Web Based Application Development,https://www.browserstack.com/guide/web-application-development-guide#toc3
Web Based Application Development,https://www.browserstack.com/guide/web-application-development-guide#toc5
Web Based Application Development,https://kissflow.com/application-development/web-application-development/
Web Based Application Development,https://budibase.com/blog/web-application-development/
Web Based Application Development,https://www.sumologic.com/glossary/web-application-development/
Web Based Application Development,https://www.fingent.com/blog/web-application-development-a-detailed-guide/
Web Based Application Development,https://www.uxpin.com/studio/blog/web-based-application-development/
