Computer Networks,"Network Architecture and Models (OSI, TCP/IP)",https://www.geeksforgeeks.org/difference-between-osi-model-and-tcp-ip-model/
Computer Networks,"Network Architecture and Models (OSI, TCP/IP)",https://medium.com/@gwenilorac/understanding-network-models-osi-and-tcp-ip-42f94eb1aa84
Computer Networks,"Network Architecture and Models (OSI, TCP/IP)",https://www.geeksforgeeks.org/osi-tcp-ip-and-hybrid-models/
Computer Networks,"Network Architecture and Models (OSI, TCP/IP)",https://www.fortinet.com/resources/cyberglossary/tcp-ip-model-vs-osi-model
Computer Networks,"Network Architecture and Models (OSI, TCP/IP)",https://www.javatpoint.com/osi-vs-tcp-ip
Computer Networks,"Network Architecture and Models (OSI, TCP/IP)",https://community.fs.com/article/tcpip-vs-osi-whats-the-difference-between-the-two-models.html
Computer Networks,"Network Architecture and Models (OSI, TCP/IP)",https://study-ccna.com/osi-tcp-ip-models/
Computer Networks,"Network Architecture and Models (OSI, TCP/IP)",https://www.checkpoint.com/cyber-hub/network-security/what-is-the-osi-model-understanding-the-7-layers/osi-model-vs-tcp-ip-model/
Computer Networks,"Network Architecture and Models (OSI, TCP/IP)",https://www.imperva.com/learn/application-security/osi-model/
Computer Networks,"Network Architecture and Models (OSI, TCP/IP)",https://www.techtarget.com/searchnetworking/definition/OSI
Computer Networks,Networking Protocols and Standards,https://www.geeksforgeeks.org/protocol-and-standard-in-computer-networks/
Computer Networks,Networking Protocols and Standards,https://adacomputerscience.org/concepts/network_protocols
Computer Networks,Networking Protocols and Standards,https://www.techtarget.com/searchnetworking/feature/12-common-network-protocols-and-their-functions-explained
Computer Networks,Networking Protocols and Standards,https://www.linkedin.com/advice/0/how-do-you-differentiate-network-protocols
Computer Networks,Networking Protocols and Standards,https://www.comptia.org/content/guides/what-is-a-network-protocol
Computer Networks,Networking Protocols and Standards,https://www.techtarget.com/searchnetworking/definition/protocol
Computer Networks,Networking Protocols and Standards,https://www.tutorialspoint.com/the-protocol-and-standard-guide-for-computer-networks
Computer Networks,Networking Protocols and Standards,https://www.studytonight.com/computer-networks/protocols-and-standards
Computer Networks,Networking Protocols and Standards,https://www.javatpoint.com/protocol-in-computer-network
Computer Networks,Networking Protocols and Standards,https://blogs.ischool.berkeley.edu/i206s13/files/2013/01/lec20.pdf
Computer Networks,Network Topologies and Design,https://www.geeksforgeeks.org/types-of-network-topology/
Computer Networks,Network Topologies and Design,https://www.geeksforgeeks.org/how-can-a-hybrid-network-topology-provide-more-benefits-than-a-single-topology/
Computer Networks,Network Topologies and Design,https://www.geeksforgeeks.org/advantages-and-disadvantages-of-bus-topology/
Computer Networks,Network Topologies and Design,https://www.geeksforgeeks.org/advantage-and-disadvantage-of-mesh-topology/
Computer Networks,Network Topologies and Design,https://www.geeksforgeeks.org/advantages-and-disadvantages-of-star-topology/
Computer Networks,Network Topologies and Design,https://www.itjones.com/blogs/2020/11/22/a-guide-to-network-topology
Computer Networks,Network Topologies and Design,https://www.javatpoint.com/computer-network-topologies
Computer Networks,Network Topologies and Design,https://www.smartdraw.com/network-diagram/network-diagram-topology-types.htm
Computer Networks,Network Topologies and Design,https://www.websentra.com/network-topology-guide/
Computer Networks,Network Topologies and Design,https://www.spiceworks.com/tech/networking/articles/what-is-network-topology/
Computer Networks,LAN and WAN Technologies,https://www.geeksforgeeks.org/difference-between-lan-and-wan/
Computer Networks,LAN and WAN Technologies,https://aws.amazon.com/compare/the-difference-between-lan-and-wan/
Computer Networks,LAN and WAN Technologies,https://www.open.edu/openlearncreate/mod/oucontent/view.php?id=130530&printable=1
Computer Networks,LAN and WAN Technologies,https://www.cloudflare.com/learning/network-layer/what-is-a-wan/
Computer Networks,LAN and WAN Technologies,https://www.cbtnuggets.com/blog/technology/networking/new-training-wan-technologies
Computer Networks,LAN and WAN Technologies,https://lanwan.ae/
Computer Networks,LAN and WAN Technologies,https://www.spiceworks.com/tech/networking/articles/wide-area-network-vs-local-area-network-differences-and-similarities/
Computer Networks,LAN and WAN Technologies,https://www.linkedin.com/company/lan-&-wan-technologies
Computer Networks,LAN and WAN Technologies,https://www.enterprisenetworkingplanet.com/data-center/lan-vs-wan/
Computer Networks,LAN and WAN Technologies,https://www.simplilearn.com/tutorials/networking-tutorial/importance-of-types-of-networks-lan-man-wan
Computer Networks,Network Performance Metrics,https://www.solarwinds.com/resources/it-glossary/network-metrics
Computer Networks,Network Performance Metrics,https://www.digitalsamba.com/blog/a-deep-dive-into-the-network-performance-metrics
Computer Networks,Network Performance Metrics,https://www.viavisolutions.com/en-us/enterprise/resources/learning-center/what-are-network-performance-metrics
Computer Networks,Network Performance Metrics,https://krontech.com/network-performance-metrics-5-essential-network-metrics-to-monitor
Computer Networks,Network Performance Metrics,https://obkio.com/blog/how-to-measure-network-performance-metrics/
Computer Networks,Network Performance Metrics,https://www.whatsupgold.com/blog/what-are-network-kpis-why-should-you-care-16-metrics-kpis-to-chase
Computer Networks,Network Performance Metrics,https://www.linkedin.com/pulse/how-measure-network-performance-hari-subedi-cyn9f
Computer Networks,Network Performance Metrics,https://www.motadata.com/it-glossary/network-metrics/
Computer Networks,Network Performance Metrics,https://www.motadata.com/it-glossary/network-metrics/#fundamentals-of-network-metrics
Computer Networks,Network Performance Metrics,https://www.motadata.com/it-glossary/network-metrics/#types-of-network-metrics
Computer Networks,Troubleshooting Network Issues,https://www.motadata.com/wp-content/uploads/2024/02/Blog-Inner-Common-Causes-of-Network-Problems.png?sa=X&ved=2ahUKEwi4i77c5ICJAxV9xTgGHQeZBSwQ_B16BAgIEAI
Computer Networks,Troubleshooting Network Issues,https://www.motadata.com/blog/network-troubleshooting-guide/
Computer Networks,Troubleshooting Network Issues,https://www.solarwinds.com/resources/it-glossary/network-troubleshooting
Computer Networks,Troubleshooting Network Issues,https://www.dnsstuff.com/network-troubleshooting-steps
Computer Networks,Troubleshooting Network Issues,https://www.comptia.org/content/guides/a-guide-to-network-troubleshooting
Computer Networks,Troubleshooting Network Issues,https://www.liveaction.com/glossary/network-troubleshooting/
Computer Networks,Troubleshooting Network Issues,https://www.cisco.com/c/en/us/solutions/enterprise-networks/what-is-network-troubleshooting.html
Computer Networks,Troubleshooting Network Issues,https://support.microsoft.com/en-us/windows/fix-network-connection-issues-in-windows-166a28c4-14c1-bdb1-473c-09c1571455d8
Computer Networks,Troubleshooting Network Issues,https://www.techtarget.com/searchnetworking/answer/What-are-the-3-most-common-network-issues-to-troubleshoot
Computer Networks,Troubleshooting Network Issues,https://www.linkedin.com/pulse/how-troubleshoot-network-connectivity-problems-hari-subedi-crpuf
Systems Analysis and Design,Systems Development Life Cycle (SDLC),https://www.intellectsoft.net/blog/wp-content/uploads/7-stages-of-sdlc.jpg?sa=X&ved=2ahUKEwijvqnf5ICJAxV3wTgGHVTPI20Q_B16BAgEEAI
Systems Analysis and Design,Systems Development Life Cycle (SDLC),https://www.intellectsoft.net/blog/what-is-system-development-life-cycle/
Systems Analysis and Design,Systems Development Life Cycle (SDLC),https://www.techtarget.com/searchsoftwarequality/definition/systems-development-life-cycle
Systems Analysis and Design,Systems Development Life Cycle (SDLC),https://en.wikipedia.org/wiki/Systems_development_life_cycle
Systems Analysis and Design,Systems Development Life Cycle (SDLC),https://en.wikipedia.org/wiki/Systems_development_life_cycle#Overview
Systems Analysis and Design,Systems Development Life Cycle (SDLC),https://en.wikipedia.org/wiki/Systems_development_life_cycle#History
Systems Analysis and Design,Systems Development Life Cycle (SDLC),https://en.wikipedia.org/wiki/Systems_development_life_cycle#Models
Systems Analysis and Design,Systems Development Life Cycle (SDLC),https://en.wikipedia.org/wiki/Systems_development_life_cycle#Phases
Systems Analysis and Design,Systems Development Life Cycle (SDLC),https://www.tutorialspoint.com/system_analysis_and_design/system_analysis_and_design_development_life_cycle.htm
Systems Analysis and Design,Systems Development Life Cycle (SDLC),https://aws.amazon.com/what-is/sdlc/
Systems Analysis and Design,Requirements Gathering Techniques,https://www.geeksforgeeks.org/requirements-gathering-introduction-processes-benefits-and-tools/
Systems Analysis and Design,Requirements Gathering Techniques,https://www.geeksforgeeks.org/requirements-gathering-introduction-processes-benefits-and-tools/#main-requirements-gathering-subprocesses
Systems Analysis and Design,Requirements Gathering Techniques,https://www.geeksforgeeks.org/requirements-gathering-introduction-processes-benefits-and-tools/#requirement-gathering-techniques
Systems Analysis and Design,Requirements Gathering Techniques,https://www.jamasoftware.com/media/2021/09/requirements-gathering-agile-product-teams.png?sa=X&ved=2ahUKEwiexZ_i5ICJAxXPwzgGHY1IIfoQ_B16BAgAEAI
Systems Analysis and Design,Requirements Gathering Techniques,https://www.jamasoftware.com/requirements-management-guide/requirements-gathering-and-management-processes/11-requirements-gathering-techniques-for-agile-product-teams/
Systems Analysis and Design,Requirements Gathering Techniques,https://www.indeed.com/career-advice/career-development/requirement-gathering-techniques
Systems Analysis and Design,Requirements Gathering Techniques,https://plaky.com/blog/requirements-gathering-techniques/
Systems Analysis and Design,Requirements Gathering Techniques,https://plaky.com/blog/requirements-gathering-techniques/#what-is-requirements-gathering-in-project-management-and-why-is-it-important
Systems Analysis and Design,Requirements Gathering Techniques,https://plaky.com/blog/requirements-gathering-techniques/#the-best-requirements-gathering-techniques
Systems Analysis and Design,Requirements Gathering Techniques,https://plaky.com/blog/requirements-gathering-techniques/#technique-1-interviews
Systems Analysis and Design,"Modeling Techniques (Data Flow Diagrams, UML)",https://www.geeksforgeeks.org/what-is-dfddata-flow-diagram/
Systems Analysis and Design,"Modeling Techniques (Data Flow Diagrams, UML)",https://medium.com/@nimanthaF/data-flow-diagrams-67ffec8650e0
Systems Analysis and Design,"Modeling Techniques (Data Flow Diagrams, UML)",https://blog.hubspot.com/marketing/data-flow-diagram
Systems Analysis and Design,"Modeling Techniques (Data Flow Diagrams, UML)",https://www.lucidchart.com/pages/data-flow-diagram
Systems Analysis and Design,"Modeling Techniques (Data Flow Diagrams, UML)",https://www.lucidchart.com/pages/data-flow-diagram/how-to-make-a-dfd
Systems Analysis and Design,"Modeling Techniques (Data Flow Diagrams, UML)",https://www.lucidchart.com/pages/data-flow-diagram/data-flow-diagram-symbols
Systems Analysis and Design,"Modeling Techniques (Data Flow Diagrams, UML)",https://www.cs.uct.ac.za/mit_notes/software/pdfs/Chp06.pdf
Systems Analysis and Design,"Modeling Techniques (Data Flow Diagrams, UML)",https://www.techtarget.com/searchdatamanagement/definition/data-flow-diagram-DFD
Systems Analysis and Design,"Modeling Techniques (Data Flow Diagrams, UML)",https://www.visual-paradigm.com/guide/data-flow-diagram/what-is-data-flow-diagram/
Systems Analysis and Design,"Modeling Techniques (Data Flow Diagrams, UML)",https://www.lucidchart.com/blog/data-flow-diagram-tutorial
Systems Analysis and Design,System Design Approaches,https://www.geeksforgeeks.org/software-engineering-system-design-strategy/
Systems Analysis and Design,System Design Approaches,https://medium.com/@niteshbhargav1210/a-comprehensive-guide-on-how-to-approach-system-design-8166ab6f6978
Systems Analysis and Design,System Design Approaches,https://www.geeksforgeeks.org/what-is-system-design-learn-system-design/
Systems Analysis and Design,System Design Approaches,https://www.geeksforgeeks.org/system-design-life-cycle-phases-models-and-use-cases/
Systems Analysis and Design,System Design Approaches,https://www.geeksforgeeks.org/complete-reference-to-databases-in-designing-systems/
Systems Analysis and Design,System Design Approaches,https://www.geeksforgeeks.org/important-key-concepts-and-terminologies-learn-system-design/
Systems Analysis and Design,System Design Approaches,https://www.naukri.com/code360/library/system-design-strategies-and-important-in-software-development
Systems Analysis and Design,System Design Approaches,https://www.educative.io/blog/complete-guide-to-system-design
Systems Analysis and Design,System Design Approaches,https://www.educative.io/blog/complete-guide-to-system-design#What-is-System-Design
Systems Analysis and Design,System Design Approaches,https://www.educative.io/blog/complete-guide-to-system-design#Google-File-System-GFS
Systems Analysis and Design,Testing and Validation Methods,https://www.ptb.de/cms/fileadmin/internet/fachabteilungen/abteilung_8/8.5_metrologische_informationstechnik/MID-SW-Report-Validation_Testing.pdf
Systems Analysis and Design,Testing and Validation Methods,https://qubika.com/blog/validation-testing/
Systems Analysis and Design,Testing and Validation Methods,https://www.indeed.com/career-advice/starting-new-job/what-is-validation-testing
Systems Analysis and Design,Testing and Validation Methods,https://www.browserstack.com/guide/verification-and-validation-in-testing
Systems Analysis and Design,Testing and Validation Methods,https://www.browserstack.com/guide/verification-and-validation-in-testing#toc3
Systems Analysis and Design,Testing and Validation Methods,https://www.browserstack.com/guide/verification-and-validation-in-testing#toc4
Systems Analysis and Design,Testing and Validation Methods,https://www.testgorilla.com/blog/science-intro-test-validation/
Systems Analysis and Design,Testing and Validation Methods,https://www.testgorilla.com/blog/science-intro-test-validation/#what-is-test-validation
Systems Analysis and Design,Testing and Validation Methods,https://www.testgorilla.com/blog/science-intro-test-validation/#how-does-test-validation-benefit-hiring-managers-and-candidates
Systems Analysis and Design,Testing and Validation Methods,https://www.tutorialspoint.com/software_testing_dictionary/validation_testing.htm
Systems Analysis and Design,Project Management in Systems Development,https://study.com/academy/lesson/project-management-tools-for-systems-development.html
Systems Analysis and Design,Project Management in Systems Development,https://study.com/academy/lesson/project-management-tools-for-systems-development.html#section---WhatAreProjectManagementToolsAndTechniques
Systems Analysis and Design,Project Management in Systems Development,https://study.com/academy/lesson/project-management-tools-for-systems-development.html#section---ProjectManagementStrategies
Systems Analysis and Design,Project Management in Systems Development,https://www.pmi.org/learning/library/managing-systems-development-effectively-collaborate-5684
Systems Analysis and Design,Project Management in Systems Development,https://www.linkedin.com/advice/1/how-can-you-successfully-manage-system-development
Systems Analysis and Design,Project Management in Systems Development,https://studycorgi.com/whats-system-development/
Systems Analysis and Design,Project Management in Systems Development,https://studycorgi.com/whats-system-development/#introduction
Systems Analysis and Design,Project Management in Systems Development,https://studycorgi.com/whats-system-development/#system-development-process
Systems Analysis and Design,Project Management in Systems Development,https://studycorgi.com/whats-system-development/#methodologies-and-techniques
Systems Analysis and Design,Project Management in Systems Development,https://teamhood.com/project-management/software-development-project-management/
Statistics for Computing,Descriptive Statistics and Data Visualization,https://tdan.com/descriptive-statistics-and-data-visualization/25110
Statistics for Computing,Descriptive Statistics and Data Visualization,https://www.uidaho.edu/-/media/uidaho-responsive/files/sci/mathstat/scc/an-introduction-to-data-visualization-and-summary-statistics.pdf?la=en&rev=77eadd64f4d649b5b537b9ce5a3e5eda
Statistics for Computing,Descriptive Statistics and Data Visualization,https://www.youtube.com/watch?v=txNvZ3Zndak
Statistics for Computing,Descriptive Statistics and Data Visualization,https://www.linkedin.com/pulse/exploratory-data-analysis-unveiling-insights-through-waseem-alhallak
Statistics for Computing,Descriptive Statistics and Data Visualization,https://bookdown.org/wadetroberts/bookdown-demo/descriptive-statistics-and-data-visualization.html
Statistics for Computing,Descriptive Statistics and Data Visualization,https://corporatefinanceinstitute.com/resources/data-science/descriptive-statistics/
Statistics for Computing,Descriptive Statistics and Data Visualization,https://www.simplilearn.com/what-is-descriptive-statistics-article
Statistics for Computing,Descriptive Statistics and Data Visualization,https://www.investopedia.com/terms/d/descriptive_statistics.asp
Statistics for Computing,Descriptive Statistics and Data Visualization,https://www.investopedia.com/terms/k/kurtosis.asp
Statistics for Computing,Descriptive Statistics and Data Visualization,https://www.investopedia.com/terms/m/mode.asp
Statistics for Computing,Probability Theory and Distributions,https://www.scribbr.com/statistics/probability-distributions/
Statistics for Computing,Probability Theory and Distributions,https://www.investopedia.com/terms/p/probabilitydistribution.asp
Statistics for Computing,Probability Theory and Distributions,https://www.investopedia.com/terms/p/probabilitydistribution.asp#toc-what-is-a-probability-distribution
Statistics for Computing,Probability Theory and Distributions,https://www.investopedia.com/terms/p/probabilitydistribution.asp#toc-discrete-probability-distribution-vs-continuous-probability-distribution
Statistics for Computing,Probability Theory and Distributions,https://www.investopedia.com/terms/p/probabilitydistribution.asp#toc-types-of-probability-distributions
Statistics for Computing,Probability Theory and Distributions,https://www.investopedia.com/terms/p/probabilitydistribution.asp#toc-probability-distributions-used-in-investing
Statistics for Computing,Probability Theory and Distributions,https://byjus.com/maths/probability-distribution/
Statistics for Computing,Probability Theory and Distributions,https://www.britannica.com/science/probability-theory/Probability-distribution
Statistics for Computing,Probability Theory and Distributions,https://www.simplilearn.com/tutorials/statistics-tutorial/what-is-probability-distribution
Statistics for Computing,Probability Theory and Distributions,https://en.wikipedia.org/wiki/Probability_distribution
Statistics for Computing,Statistical Inference and Hypothesis Testing,https://medium.com/@sruthy.sn91/hypothesis-testing-the-backbone-of-statistical-inference-da22590979b8
Statistics for Computing,Statistical Inference and Hypothesis Testing,https://www.datasciencecentral.com/an-introduction-to-statistical-inference-and-hypothesis-testing/
Statistics for Computing,Statistical Inference and Hypothesis Testing,https://www.elsevier.es/en-revista-allergologia-et-immunopathologia-105-articulo-statistical-inference-hypothesis-testing-S0301054610001527
Statistics for Computing,Statistical Inference and Hypothesis Testing,https://socialsci.libretexts.org/Bookshelves/Political_Science_and_Civics/Introduction_to_Political_Science_Research_Methods_(Franco_et_al.)/08%3A_Quantitative_Research_Methods_and_Means_of_Analysis/8.03%3A_Introduction_to_Statistical_Inference_and_Hypothesis_Testing
Statistics for Computing,Statistical Inference and Hypothesis Testing,https://www.britannica.com/science/statistics/Hypothesis-testing
Statistics for Computing,Statistical Inference and Hypothesis Testing,https://www.sagepub.com/sites/default/files/upm-binaries/40007_Chapter8.pdf
Statistics for Computing,Statistical Inference and Hypothesis Testing,https://egyankosh.ac.in/bitstream/123456789/26104/1/Unit-18.pdf
Statistics for Computing,Statistical Inference and Hypothesis Testing,https://www.elsevier.es/index.php?p=revista&pRevista=pdf-simple&pii=S0301054610001527&r=105
Statistics for Computing,Statistical Inference and Hypothesis Testing,https://testbook.com/ugc-net-commerce/statistical-estimation-hypothesis-testing
Statistics for Computing,Statistical Inference and Hypothesis Testing,https://moderndive.com/9-hypothesis-testing.html
Statistics for Computing,Regression Analysis and Correlation,https://www.ncbi.nlm.nih.gov/pmc/articles/PMC374386/
Statistics for Computing,Regression Analysis and Correlation,https://www.bmj.com/about-bmj/resources-readers/publications/statistics-square-one/11-correlation-and-regression
Statistics for Computing,Regression Analysis and Correlation,https://byjus.com/maths/correlation-and-regression/
Statistics for Computing,Regression Analysis and Correlation,https://www.cuemath.com/data/correlation-and-regression/
Statistics for Computing,Regression Analysis and Correlation,https://www.coconino.edu/resources/files/pdfs/academics/sabbatical-reports/kate-kozak/chapter_10.pdf
Statistics for Computing,Regression Analysis and Correlation,https://rotel.pressbooks.pub/statisticsthroughequitylens/chapter/correlation-and-regression-analysis/
Statistics for Computing,Regression Analysis and Correlation,https://www.g2.com/articles/correlation-vs-regression
Statistics for Computing,Regression Analysis and Correlation,https://sphweb.bumc.bu.edu/otlt/mph-modules/bs/bs704_correlation-regression/bs704_correlation-regression_print.html
Statistics for Computing,Regression Analysis and Correlation,https://www.vedantu.com/maths/differences-between-correlation-and-regression
Statistics for Computing,Regression Analysis and Correlation,https://guides.library.duq.edu/c.php?g=844215&p=6035786
Statistics for Computing,Applications of Statistics in Computing,https://www.apu.apus.edu/area-of-study/information-technology/resources/computer-science-and-statistics-exploring-intersections/
Statistics for Computing,Applications of Statistics in Computing,https://www.quora.com/What-is-the-application-of-a-computer-in-statistics
Statistics for Computing,Applications of Statistics in Computing,https://www.quora.com/What-are-the-10-uses-of-statistics-to-computer-technologies
Statistics for Computing,Applications of Statistics in Computing,https://www.quora.com/What-are-the-applications-of-statistics-in-information-technology
Statistics for Computing,Applications of Statistics in Computing,https://www.quora.com/What-is-the-application-of-statistics-on-computer-science
Statistics for Computing,Applications of Statistics in Computing,https://www.quora.com/What-are-the-10-roles-of-statistics-in-computer-science
Statistics for Computing,Applications of Statistics in Computing,https://study.com/academy/lesson/statistical-computing-overview-examples.html
Statistics for Computing,Applications of Statistics in Computing,https://iase-web.org/documents/papers/icots3/BOOK1/C8-2.pdf?1402524946
Statistics for Computing,Applications of Statistics in Computing,https://www.coursesidekick.com/statistics/3455646
Statistics for Computing,Applications of Statistics in Computing,https://ijcat.com/archives/volume4/issue12/ijcatr04121014.pdf
Statistics for Computing,"Statistical Software Tools (e.g., R, Python)",https://editverse.com/wp-content/uploads/2024/04/software_editverse.png?sa=X&ved=2ahUKEwjJqfT-5ICJAxWV4TgGHcp7AUEQ_B16BAgCEAI
Statistics for Computing,"Statistical Software Tools (e.g., R, Python)",https://editverse.com/top-tools-for-statistical-software-researchers-spss-r-python-stata/
Statistics for Computing,"Statistical Software Tools (e.g., R, Python)",https://www.inwt-statistics.com/blog/comparison-of-r-python-sas-spss-and-stata
Statistics for Computing,"Statistical Software Tools (e.g., R, Python)",https://www.quora.com/Which-package-is-best-for-data-analysis-among-SPSS-Stata-R-and-Python
Statistics for Computing,"Statistical Software Tools (e.g., R, Python)",https://www.quora.com/What-are-the-advantages-of-using-R-and-Python-over-SPSS
Statistics for Computing,"Statistical Software Tools (e.g., R, Python)",https://www.quora.com/What-are-your-thoughts-on-the-following-data-analytics-tools-R-SAS-SPSS-and-Python-Pandas-Which-one-do-you-prefer-and-why
Statistics for Computing,"Statistical Software Tools (e.g., R, Python)",https://www.quora.com/Should-we-use-R-or-Python-to-develop-a-highly-statistical-software-analyzing-real-time-data-and-updating-data-as-it-is-coming-in
Statistics for Computing,"Statistical Software Tools (e.g., R, Python)",https://www.quora.com/What-are-the-pros-and-cons-of-using-R-compared-to-Python-for-statistical-analysis-and-machine-learning
Statistics for Computing,"Statistical Software Tools (e.g., R, Python)",https://economicpoint.com/python-vs-r-sas-spss
Statistics for Computing,"Statistical Software Tools (e.g., R, Python)",https://www.ibm.com/think/topics/python-vs-r
Development of Enterprise Applications I,Introduction to Enterprise Application Development,https://github.com/resources/articles/software-development/what-is-enterprise-application-development
Development of Enterprise Applications I,Introduction to Enterprise Application Development,https://github.com/resources/articles/software-development/what-is-enterprise-application-development#an-introduction-to-enterprise-application-development
Development of Enterprise Applications I,Introduction to Enterprise Application Development,https://github.com/resources/articles/software-development/what-is-enterprise-application-development#the-need-for-enterprise-application-development
Development of Enterprise Applications I,Introduction to Enterprise Application Development,https://github.com/resources/articles/software-development/what-is-enterprise-application-development#benefits-of-enterprise-application-development
Development of Enterprise Applications I,Introduction to Enterprise Application Development,https://kissflow.com/application-development/enterprise-application-development-overview/
Development of Enterprise Applications I,Introduction to Enterprise Application Development,https://www.salesforce.com/platform/enterprise-app-development/guide/
Development of Enterprise Applications I,Introduction to Enterprise Application Development,https://www.mendix.com/glossary/enterprise-application-development/
Development of Enterprise Applications I,Introduction to Enterprise Application Development,https://www.outsystems.com/tech-hub/app-dev/what-is-an-enterprise-app/
Development of Enterprise Applications I,Introduction to Enterprise Application Development,https://www.linkedin.com/pulse/what-enterprise-application-development-allstartechnologies-1f
Development of Enterprise Applications I,Introduction to Enterprise Application Development,https://github.com/resources/articles/software-development/what-is-an-enterprise-application
Development of Enterprise Applications I,Enterprise Application Architecture,https://www.tatvasoft.com/outsourcing/2022/10/enterprise-application-architecture.html
Development of Enterprise Applications I,Enterprise Application Architecture,https://www.mendix.com/blog/best-practices-for-enterprise-application-architecture/
Development of Enterprise Applications I,Enterprise Application Architecture,https://www.mendix.com/blog/best-practices-for-enterprise-application-architecture/#enterprise-application-architecture-best-practices
Development of Enterprise Applications I,Enterprise Application Architecture,https://www.mendix.com/blog/best-practices-for-enterprise-application-architecture/#7-types-of-enterprise-application-architecture
Development of Enterprise Applications I,Enterprise Application Architecture,https://designli.co/blog/enterprise-application-architecture
Development of Enterprise Applications I,Enterprise Application Architecture,https://sparxsystems.com/enterprise_architect_user_guide/17.0/guide_books/ea_application_architecture.html
Development of Enterprise Applications I,Enterprise Application Architecture,https://www.linkedin.com/pulse/enterprise-application-architecture-yogesh-kantak
Development of Enterprise Applications I,Enterprise Application Architecture,https://www.rishabhsoft.com/blog/enterprise-software-architecture-patterns
Development of Enterprise Applications I,Enterprise Application Architecture,https://www.hakunamatatatech.com/our-resources/blog/enterprise-application-architecture/
Development of Enterprise Applications I,Enterprise Application Architecture,https://appinventiv.com/blog/choose-best-enterprise-architecture/
Development of Enterprise Applications I,Web Technologies and Frameworks,https://www.geeksforgeeks.org/top-10-frameworks-for-web-applications/
Development of Enterprise Applications I,Web Technologies and Frameworks,https://intelegain-technologies.medium.com/what-are-web-frameworks-and-why-you-need-them-c4e8806bd0fb
Development of Enterprise Applications I,Web Technologies and Frameworks,https://www.techtarget.com/searchcontentmanagement/definition/web-development-framework-WDF
Development of Enterprise Applications I,Web Technologies and Frameworks,https://www.valuecoders.com/blog/technology-and-apps/10-top-web-development-frameworks-businesses/
Development of Enterprise Applications I,Web Technologies and Frameworks,https://www.valuecoders.com/blog/technology-and-apps/10-top-web-development-frameworks-businesses/#Top_Web_Development_Frameworks_2022-24
Development of Enterprise Applications I,Web Technologies and Frameworks,https://www.valuecoders.com/blog/technology-and-apps/10-top-web-development-frameworks-businesses/#Honorable_Mentions
Development of Enterprise Applications I,Web Technologies and Frameworks,https://www.valuecoders.com/blog/technology-and-apps/10-top-web-development-frameworks-businesses/#Laravel
Development of Enterprise Applications I,Web Technologies and Frameworks,https://www.valuecoders.com/blog/technology-and-apps/10-top-web-development-frameworks-businesses/#Ruby_on_Rails_RoR
Development of Enterprise Applications I,Web Technologies and Frameworks,https://www.orientsoftware.com/technologies/web-technologies/
Development of Enterprise Applications I,Web Technologies and Frameworks,https://scion-social.com/blog/web-technologies-frameworks-website-development/
Development of Enterprise Applications I,Database Integration with Applications,https://www.gigaspaces.com/data-terms/database-integration
Development of Enterprise Applications I,Database Integration with Applications,https://www.talend.com/resources/what-is-database-integration/
Development of Enterprise Applications I,Database Integration with Applications,https://www.astera.com/type/blog/database-integration/
Development of Enterprise Applications I,Database Integration with Applications,https://www.ibm.com/think/topics/application-integration-vs-data-integration
Development of Enterprise Applications I,Database Integration with Applications,https://www.mydbsync.com/blogs/application-or-data-integration-what-sets-them-apart
Development of Enterprise Applications I,Database Integration with Applications,https://www.qlik.com/us/data-integration
Development of Enterprise Applications I,Database Integration with Applications,https://www.stitchdata.com/resources/application-integration-vs-data-integration/
Development of Enterprise Applications I,Database Integration with Applications,https://www.oneio.cloud/blog/what-is-data-integration
Development of Enterprise Applications I,Database Integration with Applications,https://www.oneio.cloud/blog/what-is-data-integration#what-is-data-integration
Development of Enterprise Applications I,Database Integration with Applications,https://www.oneio.cloud/blog/what-is-data-integration#a-look-at-different-data-integration-techniques
Development of Enterprise Applications I,Application Security Considerations,https://www.splunk.com/en_us/blog/learn/application-security-requirements.html
Development of Enterprise Applications I,Application Security Considerations,https://www.stackhawk.com/blog/web-application-security-checklist-10-improvements/
Development of Enterprise Applications I,Application Security Considerations,https://www.broadcom.com/topics/application-security
Development of Enterprise Applications I,Application Security Considerations,https://www.imperva.com/learn/application-security/application-security/
Development of Enterprise Applications I,Application Security Considerations,https://www.imperva.com/learn/application-security/website-security/
Development of Enterprise Applications I,Application Security Considerations,https://www.imperva.com/learn/application-security/clickjacking/
Development of Enterprise Applications I,Application Security Considerations,https://www.imperva.com/learn/application-security/session-hijacking/
Development of Enterprise Applications I,Application Security Considerations,https://www.f5.com/glossary/application-security
Development of Enterprise Applications I,Application Security Considerations,https://mobidev.biz/blog/best-practices-to-secure-web-applications-from-vulnerabilities
Development of Enterprise Applications I,Application Security Considerations,https://www.mend.io/blog/application-security-best-practices/
Development of Enterprise Applications I,Case Studies of Enterprise Application Solutions,https://elait.com/enterprise-application-development-case-studies/
Development of Enterprise Applications I,Case Studies of Enterprise Application Solutions,https://gbitinc.com/accelerating-manufacturing-excellence-a-case-study-of-enterprise-application-solutions/
Development of Enterprise Applications I,Case Studies of Enterprise Application Solutions,https://www.pipartners.com/clients-case-studies/enterprise-applications/
Development of Enterprise Applications I,Case Studies of Enterprise Application Solutions,https://surf.dev/cases/enterprise-application/
Development of Enterprise Applications I,Case Studies of Enterprise Application Solutions,https://www.researchgate.net/publication/221296782_A_Case_Study_of_Enterprise_Application_Integration_Based_on_Workflow_Management_System
Development of Enterprise Applications I,Case Studies of Enterprise Application Solutions,https://link.springer.com/chapter/10.1007/978-0-387-75902-9_46
Development of Enterprise Applications I,Case Studies of Enterprise Application Solutions,https://clickysoft.com/enterprise-application-examples/
Development of Enterprise Applications I,Case Studies of Enterprise Application Solutions,https://www.linkedin.com/pulse/best-enterprise-application-examples-benefits-revvlab-vgtof
Development of Enterprise Applications I,Case Studies of Enterprise Application Solutions,https://dl.ifip.org/db/conf/ifip8/confenis2007-1/YangL07.pdf
Development of Enterprise Applications I,Case Studies of Enterprise Application Solutions,https://www.netsolutions.com/hub/application-modernization/case-studies
Human-Computer Interaction,Principles of User-Centered Design,https://medium.com/@sepidy/5-user-centered-design-ucd-principles-you-need-to-know-f5508c7b8faf
Human-Computer Interaction,Principles of User-Centered Design,https://baymard.com/learn/user-centered-design
Human-Computer Interaction,Principles of User-Centered Design,https://www.cognitiveclouds.com/insights/key-principles-of-user-centered-design
Human-Computer Interaction,Principles of User-Centered Design,https://www.interaction-design.org/literature/topics/user-centered-design?srsltid=AfmBOooIeNuysO80B2GGlR4Knsgc8Wum3wn00gVnuS0qmeEiZxVwkbVl
Human-Computer Interaction,Principles of User-Centered Design,https://www.interaction-design.org/literature/topics/user-centered-design#what_is_user_centered_design_(ucd)?-0
Human-Computer Interaction,Principles of User-Centered Design,https://www.interaction-design.org/literature/topics/user-centered-design#4_phases_in_user-centered_design-2
Human-Computer Interaction,Principles of User-Centered Design,https://www.upwork.com/resources/user-centered-design-principles
Human-Computer Interaction,Principles of User-Centered Design,https://careerfoundry.com/en/blog/ux-design/user-centered-design-principles/
Human-Computer Interaction,Principles of User-Centered Design,https://webflow.com/blog/user-centered-design
Human-Computer Interaction,Principles of User-Centered Design,https://www.aela.io/en/blog/all/fundamental-principals-user-centered-design
Human-Computer Interaction,Usability Testing Methods,https://www.hotjar.com/usability-testing/methods/
Human-Computer Interaction,Usability Testing Methods,https://maze.co/guides/usability-testing/methods/
Human-Computer Interaction,Usability Testing Methods,https://www.nngroup.com/articles/usability-testing-101/
Human-Computer Interaction,Usability Testing Methods,https://www.nngroup.com/articles/qual-usability-testing-study-guide/
Human-Computer Interaction,Usability Testing Methods,https://www.nngroup.com/videos/user-testing-jakob-nielsen/
Human-Computer Interaction,Usability Testing Methods,https://www.nngroup.com/reports/how-to-conduct-usability-studies/
Human-Computer Interaction,Usability Testing Methods,https://www.usertesting.com/resources/guides/usability-testing/methods
Human-Computer Interaction,Usability Testing Methods,https://www.uxtweak.com/usability-testing/types/
Human-Computer Interaction,Usability Testing Methods,https://www.playbookux.com/10-popular-usability-testing-methods/
Human-Computer Interaction,Usability Testing Methods,https://www.uxdesigninstitute.com/blog/guide-to-usability-testing-for-ux/
Human-Computer Interaction,Interface Design Principles,https://medium.com/@NALSengineering/10-principles-in-ui-design-enhancing-user-experience-through-practical-examples-9d519e91b515
Human-Computer Interaction,Interface Design Principles,https://medium.com/@theupbeatdesigner/the-most-important-ui-design-principles-every-designer-must-know-cb8225edc937
Human-Computer Interaction,Interface Design Principles,https://www.figma.com/resource-library/ui-design-principles/
Human-Computer Interaction,Interface Design Principles,https://maze.co/collections/ux-ui-design/ui-design-principles/
Human-Computer Interaction,Interface Design Principles,https://www.theknowledgeacademy.com/blog/ui-design-principles/
Human-Computer Interaction,Interface Design Principles,https://www.flux-academy.com/blog/introduction-to-user-interface-design-6-important-principles
Human-Computer Interaction,Interface Design Principles,https://www.uxpin.com/studio/blog/ui-design-principles/
Human-Computer Interaction,Interface Design Principles,https://www.interaction-design.org/literature/article/user-interface-design-guidelines-10-rules-of-thumb?srsltid=AfmBOorjW4WTclFN4asGFlSwKgAPE_2Zu86DU5f823XyXbE3ZHlUZjRU
Human-Computer Interaction,Interface Design Principles,https://www.shopify.com/blog/ui-design-principles
Human-Computer Interaction,Interface Design Principles,https://www.hotjar.com/ui-design/principles/
Human-Computer Interaction,Interaction Design and Prototyping,https://www.interaction-design.org/literature/topics/prototypes?srsltid=AfmBOoqSpr3Y0ILKzhBnpt5NH6EA84ztSjt__DJFm_53dIN7JqF0-y-6
Human-Computer Interaction,Interaction Design and Prototyping,https://www.interaction-design.org/literature/topics/prototypes#what_are_prototypes?-0
Human-Computer Interaction,Interaction Design and Prototyping,https://www.interaction-design.org/literature/topics/prototypes#stakeholder_buy-in-4
Human-Computer Interaction,Interaction Design and Prototyping,https://www.interaction-design.org/literature/topics/prototypes#how_to_understand_fidelity:_low-fidelity_vs_mid-fidelity_vs_high-fidelity_prototyping-7
Human-Computer Interaction,Interaction Design and Prototyping,https://mockitt.wondershare.com/ui-ux-design/interaction-prototyping.html
Human-Computer Interaction,Interaction Design and Prototyping,https://www4.uib.no/en/courses/INFO263
Human-Computer Interaction,Interaction Design and Prototyping,https://www.uxdesigninstitute.com/blog/prototyping-guide/
Human-Computer Interaction,Interaction Design and Prototyping,https://www.uxpin.com/studio/blog/what-is-a-prototype-a-guide-to-functional-ux/
Human-Computer Interaction,Interaction Design and Prototyping,https://www.interaction-design.org/literature/topics/rapid-prototyping?srsltid=AfmBOoonu8FOnj_vX6Nxljt1_Poj4aq3hMU-Nrmf0h5g2JOtWl-FQluB
Human-Computer Interaction,Interaction Design and Prototyping,https://www.uxmatters.com/mt/archives/2019/01/prototyping-user-experience.php
Human-Computer Interaction,Accessibility in HCI,https://thesciencebrigade.com/hcip/article/download/102/101/230
Human-Computer Interaction,Accessibility in HCI,https://www.linkedin.com/advice/0/how-do-you-measure-improve-accessibility
Human-Computer Interaction,Accessibility in HCI,https://www.inf.ed.ac.uk/teaching/courses/hci/1718/lects/Lecture20_accessability.pdf
Human-Computer Interaction,Accessibility in HCI,https://www.studocu.com/row/document/university-of-okara/human-computer-interaction/human-computer-interaction-lecture/91595229
Human-Computer Interaction,Accessibility in HCI,https://www.interaction-design.org/literature/article/accessibility-usability-for-all?srsltid=AfmBOoroSkYYNi2g2qjfc_VYCDSbfTJ_GLFJoysUCEBuIyXaGlvoiimv
Human-Computer Interaction,Accessibility in HCI,https://www.linkedin.com/advice/0/how-do-you-design-accessibility-inclusivity-hci
Human-Computer Interaction,Accessibility in HCI,https://www.csfieldguide.org.nz/en/chapters/human-computer-interaction/accessibility/
Human-Computer Interaction,Accessibility in HCI,https://www.sciencedirect.com/science/article/pii/S1071581923000241
Human-Computer Interaction,Accessibility in HCI,https://www.researchgate.net/publication/2620118_Universal_accessibility_in_HCI_Process-oriented_design_guidelines_and_tool_requirements
Human-Computer Interaction,Accessibility in HCI,https://76engage.com/accessibility-2-0/
Human-Computer Interaction,"Emerging Trends in HCI (e.g., Virtual Reality)",https://medium.com/@luckyekezie80/exploring-recent-developments-in-human-computer-interaction-d9e05da01013
Human-Computer Interaction,"Emerging Trends in HCI (e.g., Virtual Reality)",https://www.mi-research.net/article/doi/10.1007/s11633-016-1039-6
Human-Computer Interaction,"Emerging Trends in HCI (e.g., Virtual Reality)",https://blog.softtek.com/en/new-trends-in-human-computer-interaction-hci
Human-Computer Interaction,"Emerging Trends in HCI (e.g., Virtual Reality)",https://www.researchgate.net/publication/238690863_Human-Computer_Interaction_Design_for_Emerging_Technologies_Virtual_Reality_Augmented_Reality_and_Mobile_Computer_Systems
Human-Computer Interaction,"Emerging Trends in HCI (e.g., Virtual Reality)",https://www.researchgate.net/publication/381529690_Research_on_Human_Computer_Interaction_Technology_in_Virtual_Reality_Scenes
Human-Computer Interaction,"Emerging Trends in HCI (e.g., Virtual Reality)",https://www.linkedin.com/pulse/virtual-augmented-reality-future-human-computer-interaction-atul-goel
Human-Computer Interaction,"Emerging Trends in HCI (e.g., Virtual Reality)",https://blog.bugzero.io/human-computer-interaction-hci-enhancing-user-experience-in-the-digital-age-part-06-cdf8e6abfb5b
Human-Computer Interaction,"Emerging Trends in HCI (e.g., Virtual Reality)",https://magnet.co/articles/the-future-of-human-computer-interface-design
Human-Computer Interaction,"Emerging Trends in HCI (e.g., Virtual Reality)",https://www.linkedin.com/advice/1/what-emerging-trends-technologies-virtual
Human-Computer Interaction,"Emerging Trends in HCI (e.g., Virtual Reality)",https://www.irjet.net/archives/V9/i8/IRJET-V9I8276.pdf
Network Management,Overview of Network Management Frameworks (SNMP),https://www.geeksforgeeks.org/simple-network-management-protocol-snmp/
Network Management,Overview of Network Management Frameworks (SNMP),https://docs.oracle.com/cd/E18752_01/html/817-3000/introduction-2.html
Network Management,Overview of Network Management Frameworks (SNMP),https://en.wikipedia.org/wiki/Simple_Network_Management_Protocol
Network Management,Overview of Network Management Frameworks (SNMP),https://www.techtarget.com/searchnetworking/definition/SNMP
Network Management,Overview of Network Management Frameworks (SNMP),https://www.hillstonenet.com/support/5.0/en/config_sys_snmp_intro.html
Network Management,Overview of Network Management Frameworks (SNMP),https://www.fortinet.com/resources/cyberglossary/simple-network-management-protocol
Network Management,Overview of Network Management Frameworks (SNMP),https://www.sciencedirect.com/topics/computer-science/simple-network-management-protocol
Network Management,Overview of Network Management Frameworks (SNMP),https://www.auvik.com/franklyit/blog/network-basics-what-is-snmp/
Network Management,Overview of Network Management Frameworks (SNMP),https://www.javatpoint.com/simple-network-management-protocol
Network Management,Overview of Network Management Frameworks (SNMP),https://www.manageengine.com/network-monitoring/what-is-snmp.html
Network Management,Network Monitoring and Performance Management,https://www.appdynamics.com/topics/what-is-network-performance-management
Network Management,Network Monitoring and Performance Management,https://www.manageengine.com/network-monitoring/network-performance-management.html
Network Management,Network Monitoring and Performance Management,https://www.manageengine.com/network-monitoring/network-performance-management.html#monitor
Network Management,Network Monitoring and Performance Management,https://www.manageengine.com/network-monitoring/network-performance-management.html#networktraffic
Network Management,Network Monitoring and Performance Management,https://www.techtarget.com/searchnetworking/definition/network-performance-monitoring
Network Management,Network Monitoring and Performance Management,https://www.riverbed.com/faq/what-network-performance-monitoring/
Network Management,Network Monitoring and Performance Management,https://avinetworks.com/glossary/network-performance-management/
Network Management,Network Monitoring and Performance Management,https://www.kaseya.com/blog/network-performance-management/
Network Management,Network Monitoring and Performance Management,https://www.manageengine.com/network-monitoring/basics-of-network-monitoring.html
Network Management,Network Monitoring and Performance Management,https://www.ninjaone.com/blog/what-is-network-performance-management/
Network Management,Fault Management and Troubleshooting,https://www.sciencedirect.com/topics/computer-science/fault-management
Network Management,Fault Management and Troubleshooting,https://www.cisco.com/c/en/us/td/docs/ios-xml/ios/bsm/configuration/15-2mt/bsm-troubleshooting.html
Network Management,Fault Management and Troubleshooting,https://sciencelogic.com/glossary/fault-management
Network Management,Fault Management and Troubleshooting,https://www.techtarget.com/searchnetworking/definition/fault-management
Network Management,Fault Management and Troubleshooting,https://www.manageengine.com/network-monitoring/network-fault-management.html
Network Management,Fault Management and Troubleshooting,https://umboss.com/blog/network-fault-management/
Network Management,Fault Management and Troubleshooting,https://www.sgrwin.com/fault-management/
Network Management,Fault Management and Troubleshooting,https://infraon.io/blog/what-is-network-fault-management-and-monitoring/
Network Management,Fault Management and Troubleshooting,https://help.openvox.cn/online-manuals/UScale-Manual-en/u1900_tbtm_u1960_tbtm_0004.html
Network Management,Fault Management and Troubleshooting,https://www.xme.digital/post/telecom-fault-management-an-introductory-overview
Network Management,Configuration Management Techniques,https://www.atlassian.com/microservices/microservices-architecture/configuration-management
Network Management,Configuration Management Techniques,https://www.tanium.com/blog/7-best-practices-for-configuration-management/
Network Management,Configuration Management Techniques,https://blog.hubspot.com/website/configuration-management
Network Management,Configuration Management Techniques,https://otrs.com/otrsmag/configuration-management/
Network Management,Configuration Management Techniques,https://www.spiceworks.com/tech/devops/articles/what-is-configuration-management/
Network Management,Configuration Management Techniques,https://www.techtarget.com/searchitoperations/definition/configuration-management-CM
Network Management,Configuration Management Techniques,https://www.cloudeagle.ai/blogs/configuration-management-best-practices
Network Management,Configuration Management Techniques,https://bestpractices.cd.foundation/learn/config/
Network Management,Configuration Management Techniques,https://www.atlassian.com/microservices/microservices-architecture/configuration-management-tools
Network Management,Configuration Management Techniques,https://en.wikipedia.org/wiki/Configuration_management
Network Management,Security Management in Networks,https://www.paloaltonetworks.com/cyberpedia/what-is-network-security-management
Network Management,Security Management in Networks,https://www.juniper.net/us/en/research-topics/what-is-network-security-management.html
Network Management,Security Management in Networks,https://www.checkpoint.com/cyber-hub/network-security/what-are-security-management-platforms/what-is-network-security-management/
Network Management,Security Management in Networks,https://nordlayer.com/learn/network-security/network-security-management/
Network Management,Security Management in Networks,https://www.zenarmor.com/docs/network-security-tutorials/what-is-network-security-management
Network Management,Security Management in Networks,https://www.algosec.com/solutions/network-security-management
Network Management,Security Management in Networks,https://purplesec.us/learn/network-security-management/
Network Management,Security Management in Networks,https://www.techtarget.com/searchnetworking/answer/How-are-network-management-and-security-converging
Network Management,Security Management in Networks,https://community.fs.com/blog/network-security-management.html
Network Management,Security Management in Networks,https://jatheon.com/blog/network-security-management-best-practices/
Network Management,Network Documentation and Reporting,https://www.lucidchart.com/blog/importance-of-network-documentation
Network Management,Network Documentation and Reporting,https://www.linkedin.com/advice/0/what-most-important-things-include-your-network-vavre
Network Management,Network Documentation and Reporting,https://faddom.com/network-documentation/
Network Management,Network Documentation and Reporting,https://faddom.com/network-documentation/#What_Should_You_Document
Network Management,Network Documentation and Reporting,https://faddom.com/network-documentation/#Tips_from_the_Expert
Network Management,Network Documentation and Reporting,https://faddom.com/network-documentation/#Examples_of_Things_to_Add_to_Your_Network_Documentation
Network Management,Network Documentation and Reporting,https://www.linkedin.com/advice/0/what-best-network-documentation-reporting-tools
Network Management,Network Documentation and Reporting,https://www.sunbirddcim.com/network-documentation
Network Management,Network Documentation and Reporting,https://www.auvik.com/franklyit/blog/network-documentation-best-practices/
Network Management,Network Documentation and Reporting,https://www.sciencedirect.com/topics/computer-science/network-documentation
Voice and Video over IP,Fundamentals of VoIP and Video Conferencing,https://www.onsip.com/voip-resources/voip-fundamentals/home
Voice and Video over IP,Fundamentals of VoIP and Video Conferencing,https://www.telecloudvoip.com/voip-guide/
Voice and Video over IP,Fundamentals of VoIP and Video Conferencing,https://www.telecloudvoip.com/voip-guide/#History
Voice and Video over IP,Fundamentals of VoIP and Video Conferencing,https://www.telecloudvoip.com/voip-guide/#Types_of_VoIP
Voice and Video over IP,Fundamentals of VoIP and Video Conferencing,https://www.telecloudvoip.com/voip-guide/#Why_Use_VoIP
Voice and Video over IP,Fundamentals of VoIP and Video Conferencing,https://www.telecloudvoip.com/voip-guide/#Advantages_of_VoIP
Voice and Video over IP,Fundamentals of VoIP and Video Conferencing,https://www.ciscopress.com/store/voice-and-video-conferencing-fundamentals-9781587052682
Voice and Video over IP,Fundamentals of VoIP and Video Conferencing,https://www.amazon.com/Voice-Video-Conferencing-Fundamentals-Firestone/dp/1587052687
Voice and Video over IP,Fundamentals of VoIP and Video Conferencing,https://www.linkedin.com/pulse/what-voip-its-fundamental-architecture-advantages-manish-rawat
Voice and Video over IP,Fundamentals of VoIP and Video Conferencing,https://onecontact.ie/voip/the-fundamentals-of-voice-over-internet-protocol/
Voice and Video over IP,QoS (Quality of Service) in Multimedia Networks,https://www.geeksforgeeks.org/computer-network-quality-of-service-and-multimedia/
Voice and Video over IP,QoS (Quality of Service) in Multimedia Networks,https://www.paloaltonetworks.com/cyberpedia/what-is-quality-of-service-qos
Voice and Video over IP,QoS (Quality of Service) in Multimedia Networks,https://www.fortinet.com/resources/cyberglossary/qos-quality-of-service
Voice and Video over IP,QoS (Quality of Service) in Multimedia Networks,https://en.wikipedia.org/wiki/Quality_of_service
Voice and Video over IP,QoS (Quality of Service) in Multimedia Networks,https://www.techtarget.com/searchunifiedcommunications/definition/QoS-Quality-of-Service
Voice and Video over IP,QoS (Quality of Service) in Multimedia Networks,https://link.springer.com/10.1007/978-0-387-78414-4_190
Voice and Video over IP,QoS (Quality of Service) in Multimedia Networks,https://www.networkcomputing.com/enterprise-connectivity/quality-of-service-qos-in-computer-networks-boosting-performance
Voice and Video over IP,QoS (Quality of Service) in Multimedia Networks,https://raidlab.cs.purdue.edu/papers/editor.pdf
Voice and Video over IP,QoS (Quality of Service) in Multimedia Networks,https://crystal.uta.edu/~kumar/cse6306/papers/qualofser.pdf
Voice and Video over IP,QoS (Quality of Service) in Multimedia Networks,https://www.comms-express.com/infozone/article/quality-of-service-routers/
Voice and Video over IP,"VoIP Protocols (SIP, RTP)",https://ozekiphone.com/attachments/4091/pbx-phone-system-voip-several-protocols.webp?sa=X&ved=2ahUKEwiQnYi75YCJAxWkxTgGHXdtBMQQ_B16BAgGEAI
Voice and Video over IP,"VoIP Protocols (SIP, RTP)",https://ozekiphone.com/p_4091-understanding-voip-protocols-sip-rtp-h323.html
Voice and Video over IP,"VoIP Protocols (SIP, RTP)",https://www.pathsolutions.com/blog/sip-and-rtp
Voice and Video over IP,"VoIP Protocols (SIP, RTP)",https://info.teledynamics.com/blog/know-your-protocols-voip-protocols-that-work-together-with-sip
Voice and Video over IP,"VoIP Protocols (SIP, RTP)",https://ozekiphone.com/p_4397-rtp-vs.-sip.html
Voice and Video over IP,"VoIP Protocols (SIP, RTP)",https://askozia.com/voip/what-is-sips-and-srtp/
Voice and Video over IP,"VoIP Protocols (SIP, RTP)",https://www.linkedin.com/pulse/understanding-advanced-voip-protocols-sip-h323-beyond-cory-barnes
Voice and Video over IP,"VoIP Protocols (SIP, RTP)",https://www.youtube.com/watch?v=1is1PwQKo8w
Voice and Video over IP,"VoIP Protocols (SIP, RTP)",https://support.telnyx.com/en/articles/1130723-voip-telecommunications-protocols
Voice and Video over IP,"VoIP Protocols (SIP, RTP)",https://wiki.innovaphone.com/?i=7775
Voice and Video over IP,Network Design Considerations for VoIP,https://www.nextiva.com/blog/voip-architecture-network-diagrams.html
Voice and Video over IP,Network Design Considerations for VoIP,https://docs.genesys.com/Documentation/SIPS/latest/HADeployment/NetDesign
Voice and Video over IP,Network Design Considerations for VoIP,https://www.clarusco.com/design-considerations-implementing-voip-solutions/
Voice and Video over IP,Network Design Considerations for VoIP,https://voipstudio.com/blog/voip-network-considerations/
Voice and Video over IP,Network Design Considerations for VoIP,https://www.auvik.com/franklyit/blog/network-design-best-practices/
Voice and Video over IP,Network Design Considerations for VoIP,https://www.cisco.com/c/en/us/td/docs/ios/solutions_docs/voip_solutions/longd.html
Voice and Video over IP,Network Design Considerations for VoIP,https://www.voipmechanic.com/voip-network-basics.htm
Voice and Video over IP,Network Design Considerations for VoIP,https://quicktech.ca/2019/01/5-essential-considerations-for-a-successful-voip-implementation/
Voice and Video over IP,Network Design Considerations for VoIP,https://swartzconsulting.com/infrastructure-considerations-for-voip/
Voice and Video over IP,Network Design Considerations for VoIP,https://www.techtarget.com/searchitchannel/feature/Network-design-considerations-checklist-for-providers
Voice and Video over IP,Security in Voice and Video Communications,https://www.linkedin.com/pulse/complete-guide-voip-communication-security-encryption-vmc-mcube-xf8tc
Voice and Video over IP,Security in Voice and Video Communications,https://assets.publishing.service.gov.uk/media/64c3d26a7aea5b00126a8e52/dwp-ss022-security-standard-voice-video-communications.pdf
Voice and Video over IP,Security in Voice and Video Communications,https://www.ncsc.govt.nz/news/principles-for-secure-video-voice-and-messaging-communications/
Voice and Video over IP,Security in Voice and Video Communications,https://www.digitalsamba.com/blog/what-makes-video-conferencing-secure
Voice and Video over IP,Security in Voice and Video Communications,https://trueconf.com/features/core/encryption.html
Voice and Video over IP,Security in Voice and Video Communications,https://www.digigone.com/secure-multimedia-communications
Voice and Video over IP,Security in Voice and Video Communications,https://www.realtyme.com/pages/the-key-component-for-secure-video-conferencing
Voice and Video over IP,Security in Voice and Video Communications,https://www.mcafee.com/blogs/internet-security/how-secure-is-video-conferencing/
Voice and Video over IP,Security in Voice and Video Communications,https://www.infosecinstitute.com/resources/network-security-101/securing-voice-communications/
Voice and Video over IP,Security in Voice and Video Communications,https://www.radiocoms.co.uk/are-your-voice-communications-and-data-safe-from-cyber-attacks/
Voice and Video over IP,Case Studies of VoIP Implementations,https://corescholar.libraries.wright.edu/infosys_scm/34/
Voice and Video over IP,Case Studies of VoIP Implementations,https://www.xorcom.com/voip-pbx-case-studies/
Voice and Video over IP,Case Studies of VoIP Implementations,https://voipstudio.com/case-studies/
Voice and Video over IP,Case Studies of VoIP Implementations,https://www.researchgate.net/publication/262253238_Strategic_management_using_VoIP_technology_A_case_study_In_a_call_center_company
Voice and Video over IP,Case Studies of VoIP Implementations,https://www.designveloper.com/guide/small-business-voip-phone-case-studies/
Voice and Video over IP,Case Studies of VoIP Implementations,https://sunco.ca/resources/case-studies/lens-transportation-group/
Voice and Video over IP,Case Studies of VoIP Implementations,https://unity-connect.com/our-resources/tech-insights/voip-examples/
Voice and Video over IP,Case Studies of VoIP Implementations,http://soho66.co.uk/7604/all/1/Case-studies.aspx
Voice and Video over IP,Case Studies of VoIP Implementations,https://www.researchgate.net/publication/308056545_Retooling_for_Success_A_Case_Study_of_VoIP_Implementation_to_Improve_Customer_Service_at_a_Midwestern_Financial_Services_Office
Voice and Video over IP,Case Studies of VoIP Implementations,https://trapptechnology.com/voip-case-studies/
Network Systems Configuration and Administration,"Configuration of Network Devices (Routers, Switches)",https://www.geeksforgeeks.org/network-devices-hub-repeater-bridge-switch-router-gateways/
Network Systems Configuration and Administration,"Configuration of Network Devices (Routers, Switches)",https://www.vmware.com/topics/network-configuration
Network Systems Configuration and Administration,"Configuration of Network Devices (Routers, Switches)",https://blog.osinachi.me/simple-network-configuration-with-switches-and-routers
Network Systems Configuration and Administration,"Configuration of Network Devices (Routers, Switches)",https://www.examcollection.com/certification-training/network-plus-how-to-install-and-configure-routers-and-switches.html
Network Systems Configuration and Administration,"Configuration of Network Devices (Routers, Switches)",https://www.dnsstuff.com/router-switch-configuration
Network Systems Configuration and Administration,"Configuration of Network Devices (Routers, Switches)",https://www.linkedin.com/pulse/routers-switches-hubs-understanding-your-network-hari-subedi-xrfvf
Network Systems Configuration and Administration,"Configuration of Network Devices (Routers, Switches)",https://www.ruijienetworks.com/support/tech-gallery/connect-switch-to-router
Network Systems Configuration and Administration,"Configuration of Network Devices (Routers, Switches)",https://www.uhcl.edu/information-security/tips-best-practices/routers
Network Systems Configuration and Administration,"Configuration of Network Devices (Routers, Switches)",https://blog.netwrix.com/network-devices-explained
Network Systems Configuration and Administration,"Configuration of Network Devices (Routers, Switches)",https://docs.tenable.com/security-center/CIS-CAS/Content/Controls/Foundational/Control-11/Control-11.htm
Network Systems Configuration and Administration,IP Addressing and Subnetting,https://www.geeksforgeeks.org/difference-between-ip-addressing-and-subnetting/
Network Systems Configuration and Administration,IP Addressing and Subnetting,https://www.techtarget.com/searchnetworking/tip/Introduction-to-IP-addressing-and-subnetting
Network Systems Configuration and Administration,IP Addressing and Subnetting,https://www.techtarget.com/searchnetworking/tip/Static-IP-vs-dynamic-IP-addresses-Whats-the-difference
Network Systems Configuration and Administration,IP Addressing and Subnetting,https://www.techtarget.com/searchnetworking/answer/What-should-I-know-about-IP-address-management-systems
Network Systems Configuration and Administration,IP Addressing and Subnetting,https://www.techtarget.com/whatis/definition/subnet-mask
Network Systems Configuration and Administration,IP Addressing and Subnetting,https://learn.microsoft.com/en-us/troubleshoot/windows-client/networking/tcpip-addressing-and-subnetting
Network Systems Configuration and Administration,IP Addressing and Subnetting,https://www.techopedia.com/6/28587/internet/8-steps-to-understanding-ip-subnetting
Network Systems Configuration and Administration,IP Addressing and Subnetting,https://www.cisco.com/c/en/us/support/docs/ip/routing-information-protocol-rip/13788-3.html
Network Systems Configuration and Administration,IP Addressing and Subnetting,https://www.educative.io/answers/what-is-ip-addressing-and-subnetting
Network Systems Configuration and Administration,IP Addressing and Subnetting,https://www.cbtnuggets.com/blog/technology/networking/networking-basics-what-is-ipv4-subnetting
Network Systems Configuration and Administration,"Network Service Configuration (DHCP, DNS)",https://its.umich.edu/enterprise/wifi-networks/dns-dhcp
Network Systems Configuration and Administration,"Network Service Configuration (DHCP, DNS)",https://www.linkedin.com/advice/0/how-do-you-implement-dhcp-dns-services-your
Network Systems Configuration and Administration,"Network Service Configuration (DHCP, DNS)",https://www.univention.com/blog-en/2019/03/brief-introduction-dhcp-dns/
Network Systems Configuration and Administration,"Network Service Configuration (DHCP, DNS)",https://www.msp360.com/resources/blog/sysadmins-guide-to-network-services/
Network Systems Configuration and Administration,"Network Service Configuration (DHCP, DNS)",https://efficientip.com/glossary/what-is-dhcp-and-why-is-it-important/
Network Systems Configuration and Administration,"Network Service Configuration (DHCP, DNS)",https://www.ibm.com/docs/ssw_ibm_i_74/rzakg/rzakgconfiguringdhcpdns.htm
Network Systems Configuration and Administration,"Network Service Configuration (DHCP, DNS)",https://docs.bluecatnetworks.com/r/Address-Manager-Administration-Guide/Configuring-DNS/DHCP-Server-services/9.3.0
Network Systems Configuration and Administration,"Network Service Configuration (DHCP, DNS)",https://www.infoblox.com/glossary/dhcp-server/
Network Systems Configuration and Administration,"Network Service Configuration (DHCP, DNS)",https://it.cornell.edu/dns/dhcp-and-dns-technical-service-providers
Network Systems Configuration and Administration,"Network Service Configuration (DHCP, DNS)",https://doc.zentyal.org/7.1/en/dhcp.html
Network Systems Configuration and Administration,Network Troubleshooting Tools and Techniques,https://www.geeksforgeeks.org/network-troubleshooting-techniques/
Network Systems Configuration and Administration,Network Troubleshooting Tools and Techniques,https://www.dnsstuff.com/wp-content/uploads/2019/09/network-troubleshooting-flowchart-1024x536.jpg?sa=X&ved=2ahUKEwing_nO5YCJAxXb7zgGHWnWGtQQ_B16BAgIEAI
Network Systems Configuration and Administration,Network Troubleshooting Tools and Techniques,https://www.dnsstuff.com/network-troubleshooting-steps
Network Systems Configuration and Administration,Network Troubleshooting Tools and Techniques,https://hypertecsp.com/knowledge-base/network-troubleshooting-tools-every-it-pro-should-know/
Network Systems Configuration and Administration,Network Troubleshooting Tools and Techniques,https://www.manageengine.com/network-monitoring/network-troubleshooting-tools.html
Network Systems Configuration and Administration,Network Troubleshooting Tools and Techniques,https://www.theknowledgeacademy.com/blog/network-troubleshooting-tools/
Network Systems Configuration and Administration,Network Troubleshooting Tools and Techniques,https://www.pluralsight.com/blog/it-ops/best-network-troubleshooting-tools
Network Systems Configuration and Administration,Network Troubleshooting Tools and Techniques,https://www.comptia.org/content/guides/a-guide-to-network-troubleshooting
Network Systems Configuration and Administration,Network Troubleshooting Tools and Techniques,https://netbeez.net/blog/network-troubleshooting/
Network Systems Configuration and Administration,Network Troubleshooting Tools and Techniques,https://www.nwkings.com/network-troubleshooting-tools
Network Systems Configuration and Administration,Backup and Recovery of Network Configurations,https://www.solarwinds.com/resources/it-glossary/network-backup
Network Systems Configuration and Administration,Backup and Recovery of Network Configurations,https://www.linkedin.com/advice/0/how-do-you-recover-from-network-configuration
Network Systems Configuration and Administration,Backup and Recovery of Network Configurations,https://www.manageengine.com/network-configuration-manager/restore-configurations.html
Network Systems Configuration and Administration,Backup and Recovery of Network Configurations,https://www.manageengine.com/network-configuration-manager/help/backup-restore.html
Network Systems Configuration and Administration,Backup and Recovery of Network Configurations,https://www.linkedin.com/advice/0/how-can-you-manage-network-configurations-backups
Network Systems Configuration and Administration,Backup and Recovery of Network Configurations,https://www.ninjaone.com/blog/network-backup-solution-guide/
Network Systems Configuration and Administration,Backup and Recovery of Network Configurations,https://interlir.com/2024/08/01/backup-and-recovery-strategies-for-ip-configurations/
Network Systems Configuration and Administration,Backup and Recovery of Network Configurations,https://www.auvik.com/network-management-software/backup-and-restore/
Network Systems Configuration and Administration,Backup and Recovery of Network Configurations,https://www.solarwinds.com/network-configuration-manager/use-cases/network-backup-software
Network Systems Configuration and Administration,Backup and Recovery of Network Configurations,https://docs.vmware.com/en/VMware-vSphere/7.0/com.vmware.vsphere.networking.doc/GUID-140C6A52-F4C1-4B13-B2A3-9FFCF6000991.html
Network Systems Configuration and Administration,Documentation Practices for Network Administration,https://www.n-able.com/de/blog/best-practices-for-network-documentation
Network Systems Configuration and Administration,Documentation Practices for Network Administration,https://www.linkedin.com/advice/3/what-best-practices-network-documentation
Network Systems Configuration and Administration,Documentation Practices for Network Administration,https://www.auvik.com/franklyit/blog/network-documentation-best-practices/
Network Systems Configuration and Administration,Documentation Practices for Network Administration,https://www.lucidchart.com/blog/importance-of-network-documentation
Network Systems Configuration and Administration,Documentation Practices for Network Administration,https://www.msp360.com/resources/blog/network-documentation/
Network Systems Configuration and Administration,Documentation Practices for Network Administration,https://faddom.com/network-documentation/
Network Systems Configuration and Administration,Documentation Practices for Network Administration,https://faddom.com/network-documentation/#What_Should_You_Document
Network Systems Configuration and Administration,Documentation Practices for Network Administration,https://faddom.com/network-documentation/#Tips_from_the_Expert
Network Systems Configuration and Administration,Documentation Practices for Network Administration,https://faddom.com/network-documentation/#Examples_of_Things_to_Add_to_Your_Network_Documentation
Network Systems Configuration and Administration,Documentation Practices for Network Administration,https://moldstud.com/articles/p-best-practices-for-network-documentation-and-configurations
Network Security,Fundamentals of Network Security Concepts,https://www.geeksforgeeks.org/network-security/
Network Security,Fundamentals of Network Security Concepts,https://content.nordlayer.com/uploads/network_security_basics_7e0ba955f6.webp?sa=X&ved=2ahUKEwiao7fX5YCJAxUr6TgGHSCbBuQQ_B16BAgAEAI
Network Security,Fundamentals of Network Security Concepts,https://nordlayer.com/learn/network-security/basics/
Network Security,Fundamentals of Network Security Concepts,https://study.com/academy/lesson/what-is-network-security-definition-fundamentals.html
Network Security,Fundamentals of Network Security Concepts,https://study.com/academy/lesson/what-is-network-security-definition-fundamentals.html#section---WhatIsNetworkSecurity
Network Security,Fundamentals of Network Security Concepts,https://study.com/academy/lesson/what-is-network-security-definition-fundamentals.html#section---ITNetworkSecurityFundamentals
Network Security,Fundamentals of Network Security Concepts,https://study.com/academy/lesson/what-is-network-security-definition-fundamentals.html#section---CyberNetworkSecurityScope
Network Security,Fundamentals of Network Security Concepts,https://www.comptia.org/content/guides/network-security-basics-definition-threats-and-solutions
Network Security,Fundamentals of Network Security Concepts,https://www.trendmicro.com/en_us/what-is/network-security/network-security-basics.html
Network Security,Fundamentals of Network Security Concepts,https://www.edureka.co/blog/what-is-network-security/
Network Security,Threats and Vulnerabilities in Networks,https://www.geeksforgeeks.org/difference-between-threat-vulnerability-and-risk-in-computer-network/
Network Security,Threats and Vulnerabilities in Networks,https://nordlayer.com/learn/network-security/threats/
Network Security,Threats and Vulnerabilities in Networks,https://www.imperva.com/learn/application-security/network-security/
Network Security,Threats and Vulnerabilities in Networks,https://www.eccouncil.org/cybersecurity-exchange/network-security/network-security-threats-vulnerabilities/
Network Security,Threats and Vulnerabilities in Networks,https://www.netgainit.com/blogs/network-security-threats-and-vulnerabilities/
Network Security,Threats and Vulnerabilities in Networks,https://www.osgusa.com/network-security-vulnerabilities/
Network Security,Threats and Vulnerabilities in Networks,https://trustnetinc.com/threats-and-vulnerabilities/
Network Security,Threats and Vulnerabilities in Networks,https://purplesec.us/learn/common-network-vulnerabilities/
Network Security,Threats and Vulnerabilities in Networks,https://fidelissecurity.com/threatgeek/network-security/common-network-vulnerabilities-and-threats/
Network Security,Threats and Vulnerabilities in Networks,https://www.esecurityplanet.com/networks/network-security-threats/
Network Security,"Security Protocols (SSL, IPSec)",https://thehackersmeetup.medium.com/the-network-security-protocols-ssl-tls-ipsec-fa42f6d04d0e
Network Security,"Security Protocols (SSL, IPSec)",https://www.geeksforgeeks.org/difference-between-ipsec-and-ssl/
Network Security,"Security Protocols (SSL, IPSec)",https://www.cloudflare.com/learning/network-layer/ipsec-vs-ssl-vpn/
Network Security,"Security Protocols (SSL, IPSec)",https://www.paloaltonetworks.com/cyberpedia/ipsec-vs-ssl-vpn
Network Security,"Security Protocols (SSL, IPSec)",https://www.goodaccess.com/blog/ipsec-vpn
Network Security,"Security Protocols (SSL, IPSec)",https://www.linkedin.com/advice/3/what-best-practices-implementing-ssltls-ipsec
Network Security,"Security Protocols (SSL, IPSec)",https://www.thegreenbow.com/en/ressource/blog-en/why-choose-ipsec-vpns-over-ssl-tls-vpns/
Network Security,"Security Protocols (SSL, IPSec)",https://www.n-able.com/blog/ipsec-vs-ssl
Network Security,"Security Protocols (SSL, IPSec)",https://www.n-able.com/blog/ipsec-vs-ssl#index_title_1
Network Security,"Security Protocols (SSL, IPSec)",https://www.n-able.com/blog/ipsec-vs-ssl#index_title_3
Network Security,Firewalls and Intrusion Detection Systems,https://www.geeksforgeeks.org/intrusion-detection-system-ids/
Network Security,Firewalls and Intrusion Detection Systems,https://www.paloaltonetworks.com/cyberpedia/firewall-vs-ids-vs-ips
Network Security,Firewalls and Intrusion Detection Systems,https://www.infosecinstitute.com/resources/network-security-101/network-design-firewall-idsips/
Network Security,Firewalls and Intrusion Detection Systems,https://www.checkpoint.com/cyber-hub/network-security/what-is-an-intrusion-detection-system-ids/
Network Security,Firewalls and Intrusion Detection Systems,https://www.uhcl.edu/information-security/tips-best-practices/firewalls
Network Security,Firewalls and Intrusion Detection Systems,https://community.fs.com/blog/ids-vs-ips-vs-firewallhow-to-choose-.html
Network Security,Firewalls and Intrusion Detection Systems,https://www.fortinet.com/resources/cyberglossary/intrusion-detection-system
Network Security,Firewalls and Intrusion Detection Systems,https://www.ibm.com/topics/intrusion-detection-system
Network Security,Firewalls and Intrusion Detection Systems,https://www.paloaltonetworks.com/cyberpedia/what-is-an-intrusion-detection-system-ids
Network Security,Firewalls and Intrusion Detection Systems,https://www.juniper.net/us/en/research-topics/what-is-ids-ips.html
Network Security,Incident Response and Management,https://www.techtarget.com/searchsecurity/tip/Incident-management-vs-incident-response-explained
Network Security,Incident Response and Management,https://www.atlassian.com/incident-management/incident-response
Network Security,Incident Response and Management,https://www.ibm.com/topics/incident-response
Network Security,Incident Response and Management,https://www.bmc.com/blogs/incident-management/
Network Security,Incident Response and Management,https://en.wikipedia.org/wiki/Incident_management
Network Security,Incident Response and Management,https://er.educause.edu/articles/2024/1/cybersecurity-incident-management-and-response-guide
Network Security,Incident Response and Management,https://www.bluevoyant.com/knowledge-center/what-is-incident-response-process-frameworks-and-tools
Network Security,Incident Response and Management,https://otrs.com/otrsmag/incident-response/
Network Security,Incident Response and Management,https://www.eccouncil.org/cybersecurity-exchange/incident-handling/what-is-incident-response/
Network Security,Incident Response and Management,https://www.bitsight.com/blog/5-steps-creating-incident-response-plan
Network Security,Best Practices for Securing Networks,https://www.geeksforgeeks.org/network-security-best-practices/
Network Security,Best Practices for Securing Networks,https://abusix.com/wp-content/uploads/2023/10/1-securing-the-network-foundation_7e83a0d69045775ea2c9e3003abe23fd_2000.jpg?sa=X&ved=2ahUKEwjbg8Po5YCJAxUXwzgGHW5CHycQ_B16BAgEEAI
Network Security,Best Practices for Securing Networks,https://abusix.com/blog/network-abuse-management/protect-your-network-with-these-14-network-security-best-practices/
Network Security,Best Practices for Securing Networks,https://www.netwrix.com/network_security_best_practices.html
Network Security,Best Practices for Securing Networks,https://www.checkpoint.com/cyber-hub/network-security/what-is-network-security/network-security-best-practices/
Network Security,Best Practices for Securing Networks,https://www.infosecinstitute.com/resources/network-security-101/9-best-practices-for-network-security/
Network Security,Best Practices for Securing Networks,https://jatheon.com/blog/network-security-management-best-practices/
Network Security,Best Practices for Securing Networks,https://www.cisa.gov/news-events/news/securing-network-infrastructure-devices
Network Security,Best Practices for Securing Networks,https://blogs.opentext.com/top-10-network-security-best-practices/
Network Security,Best Practices for Securing Networks,https://www.datamation.com/security/how-to-secure-a-network/
Operating Systems,Overview of Operating System Concepts,https://www.geeksforgeeks.org/introduction-of-operating-system-set-1/
Operating Systems,Overview of Operating System Concepts,https://www.geeksforgeeks.org/operating-systems/
Operating Systems,Overview of Operating System Concepts,https://www.tutorialspoint.com/operating_system/index.htm
Operating Systems,Overview of Operating System Concepts,https://www.vedantu.com/computer-science/basic-concepts-of-operating-system
Operating Systems,Overview of Operating System Concepts,"https://drive.uqu.edu.sa/_/mskhayat/files/MySubjects/2017SS%20Operating%20Systems/Abraham%20Silberschatz-Operating%20System%20Concepts%20(9th,2012_12).pdf"
Operating Systems,Overview of Operating System Concepts,https://ics.uci.edu/~goodrich/teach/cs201P/notes/Ch03-OS.pdf
Operating Systems,Overview of Operating System Concepts,https://os.ecci.ucr.ac.cr/slides/Abraham-Silberschatz-Operating-System-Concepts-10th-2018.pdf
Operating Systems,Overview of Operating System Concepts,https://www.studocu.com/row/document/jamaa%D8%A9-alkahr%D8%A9/operating-system/chapter-1-summary-operating-system-concepts-9th-edition/21637353
Operating Systems,Overview of Operating System Concepts,https://www.slideshare.net/slideshow/overview-of-operating-system-and-its-basics/267940486
Operating Systems,Overview of Operating System Concepts,https://www.javatpoint.com/operating-system
Operating Systems,Process Management and Scheduling,https://www.geeksforgeeks.org/process-schedulers-in-operating-system/
Operating Systems,Process Management and Scheduling,https://www.geeksforgeeks.org/inter-process-communication-ipc/
Operating Systems,Process Management and Scheduling,https://www.geeksforgeeks.org/multiplexing-channel-sharing-in-computer-network/
Operating Systems,Process Management and Scheduling,https://www.geeksforgeeks.org/difference-between-deadlock-and-starvation-in-os/
Operating Systems,Process Management and Scheduling,https://www.geeksforgeeks.org/introduction-of-process-management/
Operating Systems,Process Management and Scheduling,https://www.tutorialspoint.com/operating_system/images/context_switch.jpg?sa=X&ved=2ahUKEwj-kJTu5YCJAxVyzDgGHZY0CAIQ_B16BAgIEAI
Operating Systems,Process Management and Scheduling,https://www.tutorialspoint.com/operating_system/os_process_scheduling.htm
Operating Systems,Process Management and Scheduling,https://www.javatpoint.com/os-process-schedulers
Operating Systems,Process Management and Scheduling,https://learnlearn.uk/alevelcs/process-management/
Operating Systems,Process Management and Scheduling,https://byjus.com/gate/process-scheduler-in-operating-system-notes/
Operating Systems,Memory Management Techniques,https://www.geeksforgeeks.org/memory-management-in-operating-system/
Operating Systems,Memory Management Techniques,https://images.shiksha.com/mediadata/images/articles/1701339133phprdkFks.jpeg?sa=X&ved=2ahUKEwjHoYPx5YCJAxUc1jgGHbMNHgcQ_B16BAgGEAI
Operating Systems,Memory Management Techniques,https://www.shiksha.com/online-courses/articles/memory-management-techniques-in-operating-system/
Operating Systems,Memory Management Techniques,https://www.javatpoint.com/memory-management-operating-system
Operating Systems,Memory Management Techniques,https://phoenixnap.com/kb/memory-management
Operating Systems,Memory Management Techniques,https://er.yuvayana.org/memory-management-strategies/
Operating Systems,Memory Management Techniques,https://www.tutorialspoint.com/operating_system/os_memory_management.htm
Operating Systems,Memory Management Techniques,https://herovired.com/learning-hub/blogs/memory-management-in-os/
Operating Systems,Memory Management Techniques,https://aissmspoly.org.in/wp-content/uploads/2020/01/Memory-management-.pdf
Operating Systems,Memory Management Techniques,https://www.linkedin.com/advice/0/what-most-effective-ways-manage-memory-operating-hz2se
Operating Systems,File Systems and Storage Management,https://www.geeksforgeeks.org/file-systems-in-operating-system/
Operating Systems,File Systems and Storage Management,https://www.sciencedirect.com/topics/computer-science/file-systems-management
Operating Systems,File Systems and Storage Management,https://www.kingston.com/en/blog/personal-storage/understanding-file-systems
Operating Systems,File Systems and Storage Management,https://www.netmeister.org/book/04-file-systems.pdf
Operating Systems,File Systems and Storage Management,https://www.tutorialspoint.com/file-system-storage
Operating Systems,File Systems and Storage Management,https://www.techtarget.com/searchstorage/definition/file-system
Operating Systems,File Systems and Storage Management,https://www.javatpoint.com/file-system
Operating Systems,File Systems and Storage Management,https://en.wikipedia.org/wiki/File_system
Operating Systems,File Systems and Storage Management,https://en.wikipedia.org/wiki/Virtual_file_system
Operating Systems,File Systems and Storage Management,https://en.wikipedia.org/wiki/Journaling_file_system
Operating Systems,System Calls and APIs,https://www.oreilly.com/library/view/understanding-the-linux/0596000022/0596000022_ch08-79534.html
Operating Systems,System Calls and APIs,https://www.tutorialspoint.com/differentiate-between-application-programming-interfaces-apis-and-system-calls
Operating Systems,System Calls and APIs,https://stackoverflow.com/questions/75526763/the-difference-between-api-and-system-call
Operating Systems,System Calls and APIs,https://stackoverflow.com/questions/67524425/does-functions-in-api-make-system-calls-themselves-or-system-calls-made-by-api-a
Operating Systems,System Calls and APIs,https://stackoverflow.com/questions/20172111/difference-between-system-api-and-system-call-api
Operating Systems,System Calls and APIs,https://stackoverflow.com/questions/31728763/fork-vs-createprocess-system-call-vs-api
Operating Systems,System Calls and APIs,https://stackoverflow.com/questions/2489889/system-calls-in-windows-native-api
Operating Systems,System Calls and APIs,https://www.sololearn.com/en/Discuss/2912108/api-and-system-calls
Operating Systems,System Calls and APIs,https://www.reddit.com/r/learnprogramming/comments/lhqxv1/apis_systemcall_interface_and_system_calls/
Operating Systems,System Calls and APIs,https://www.reddit.com/r/computerscience/comments/11bqq5t/difference_between_api_and_system_calls_regarding/
Operating Systems,Security and Protection Mechanisms in OS,https://www.geeksforgeeks.org/system-protection-in-operating-system/
Operating Systems,Security and Protection Mechanisms in OS,https://www.geeksforgeeks.org/difference-between-security-and-protection/
Operating Systems,Security and Protection Mechanisms in OS,https://www.scaler.com/topics/protection-and-security-in-operating-system/
Operating Systems,Security and Protection Mechanisms in OS,https://www.tutorialspoint.com/protection-and-security-in-operating-system
Operating Systems,Security and Protection Mechanisms in OS,https://www.javatpoint.com/security-vs-protection-in-operating-system
Operating Systems,Security and Protection Mechanisms in OS,http://ndl.ethernet.edu.et/bitstream/123456789/87933/8/Chapter%20-%207.pdf
Operating Systems,Security and Protection Mechanisms in OS,https://www.naukri.com/code360/library/protection-and-security-in-operating-system
Operating Systems,Security and Protection Mechanisms in OS,https://www.javatpoint.com/protection-in-operating-system
Operating Systems,Security and Protection Mechanisms in OS,https://topperworld.in/protection-and-security-in-operating-system/
Operating Systems,Security and Protection Mechanisms in OS,https://www.academia.edu/12024059/OS_Security_Protection_Mechanisms
